{
	"format_version": "1.8.0",
	"animations": {
		"animation.player.wings": {
			"loop": true,
			"animation_length": 2.16,
			"override_previous_animation": true,
			"bones": {
				"rwing": {
					"rotation": {
						"0.0": [10, 0, -15],
						"0.72": [5, 0, 10],
						"1.12": [-5, -10, 5],
						"1.32": [10, 0, -15]
					}
				},
				"rwing2": {
					"rotation": {
						"0.0": [0, -45, 0],
						"0.72": [0, 0, 0],
						"1.12": [0, 40, 0],
						"1.32": [0, -45, 0]
					}
				},
				"lwing": {
					"rotation": {
						"0.0": [10, 0, 15],
						"0.72": [5, 0, -10],
						"1.12": [-5, 10, -5],
						"1.32": [10, 0, 15]
					}
				},
				"lwing2": {
					"rotation": {
						"0.0": [0, 45, 0],
						"0.72": [0, 0, 0],
						"1.12": [0, -40, 0],
						"1.32": [0, 40, 0]
					}
				},
				"wing1": {
					"rotation": {
						"0.0": {
							"post": [0, -8, 0],
							"lerp_mode": "catmullrom"
						},
						"0.52": {
							"post": [0, 1, 0],
							"lerp_mode": "catmullrom"
						},
						"1.04": {
							"post": [0, -8, 0],
							"lerp_mode": "catmullrom"
						},
						"1.56": {
							"post": [0, 1, 0],
							"lerp_mode": "catmullrom"
						},
						"2.08": {
							"post": [0, -8, 0],
							"lerp_mode": "catmullrom"
						},
						"2.6": {
							"post": [0, 1, 0],
							"lerp_mode": "catmullrom"
						},
						"3.12": {
							"post": [0, -8, 0],
							"lerp_mode": "catmullrom"
						}
					}
				},
				"wing2": {
					"rotation": {
						"0.0": {
							"post": [0, 11, 0],
							"lerp_mode": "catmullrom"
						},
						"0.52": {
							"post": [0, 3, 0],
							"lerp_mode": "catmullrom"
						},
						"1.04": {
							"post": [0, 11, 0],
							"lerp_mode": "catmullrom"
						},
						"1.56": {
							"post": [0, 3, 0],
							"lerp_mode": "catmullrom"
						},
						"2.08": {
							"post": [0, 11, 0],
							"lerp_mode": "catmullrom"
						},
						"2.6": {
							"post": [0, 3, 0],
							"lerp_mode": "catmullrom"
						},
						"3.12": {
							"post": [0, 11, 0],
							"lerp_mode": "catmullrom"
						}
					}
				}
			}
		}
	}
}