{
	"format_version": "1.10.0",
	"geometry.wings": {
		"texturewidth": 128,
		"textureheight": 128,
		"visible_bounds_width": 12,
		"visible_bounds_height": 12,
		"visible_bounds_offset": [0, 2, 0],
		"bones": [
			{
				"name": "root",
				"pivot": [0, 0, 0]
			},
			{
				"name": "waist",
				"parent": "root",
				"pivot": [0, 12, 0]
			},
			{
				"name": "body",
				"parent": "waist",
				"pivot": [0, 24, 0],
				"cubes": [
					{"origin": [-4, 12, -2], "size": [8, 12, 4], "uv": [16, 16]}
				]
			},
			{
				"name": "wings",
				"parent": "body",
				"pivot": [0, 0, -5],
				"rotation": [-10, 0, 0]
			},
			{
				"name": "wing1",
				"parent": "wings",
				"pivot": [0, 0, -5],
				"rotation": [50, 20, 0],
				"cubes": [
					{"origin": [-56.41125, -31.44006, -25.85306], "size": [94, 94, 0], "uv": [34, 34], "inflate": -40},
					{"origin": [-56.41125, -31.44006, -25.82806], "size": [94, 94, 0], "uv": [34, 34], "inflate": -40},
					{"origin": [-56.41125, -31.44006, -25.80306], "size": [94, 94, 0], "uv": [34, 34], "inflate": -40},
					{"origin": [-56.41125, -31.44006, -25.77806], "size": [94, 94, 0], "uv": [34, 34], "inflate": -40},
					{"origin": [-56.41125, -31.44006, -25.75306], "size": [94, 94, 0], "uv": [34, 34], "inflate": -40},
					{"origin": [-56.41125, -31.44006, -25.72806], "size": [94, 94, 0], "uv": [34, 34], "inflate": -40},
					{"origin": [-56.41125, -31.44006, -25.70306], "size": [94, 94, 0], "uv": [34, 34], "inflate": -40},
					{"origin": [-56.41125, -31.44006, -25.67806], "size": [94, 94, 0], "uv": [34, 34], "inflate": -40},
					{"origin": [-56.41125, -31.44006, -25.65306], "size": [94, 94, 0], "uv": [34, 34], "inflate": -40},
					{"origin": [-56.41125, -31.44006, -25.62806], "size": [94, 94, 0], "uv": [34, 34], "inflate": -40}
				]
			},
			{
				"name": "wing2",
				"parent": "wings",
				"pivot": [0, 0, -5],
				"rotation": [-50, 160, 0],
				"cubes": [
					{"origin": [-56.41894, -31.43599, -64.13755], "size": [94, 94, 0], "uv": [34, 34], "inflate": -40},
					{"origin": [-56.41894, -31.43599, -64.16255], "size": [94, 94, 0], "uv": [34, 34], "inflate": -40},
					{"origin": [-56.41894, -31.43599, -64.18755], "size": [94, 94, 0], "uv": [34, 34], "inflate": -40},
					{"origin": [-56.41894, -31.43599, -64.21255], "size": [94, 94, 0], "uv": [34, 34], "inflate": -40},
					{"origin": [-56.41894, -31.43599, -64.23755], "size": [94, 94, 0], "uv": [34, 34], "inflate": -40},
					{"origin": [-56.41894, -31.43599, -64.26255], "size": [94, 94, 0], "uv": [34, 34], "inflate": -40},
					{"origin": [-56.41894, -31.43599, -64.28755], "size": [94, 94, 0], "uv": [34, 34], "inflate": -40},
					{"origin": [-56.41894, -31.43599, -64.31255], "size": [94, 94, 0], "uv": [34, 34], "inflate": -40},
					{"origin": [-56.41894, -31.43599, -64.33755], "size": [94, 94, 0], "uv": [34, 34], "inflate": -40},
					{"origin": [-56.41894, -31.43599, -64.36255], "size": [94, 94, 0], "uv": [34, 34], "inflate": -40}
				]
			}
		]
	}
}