{
	"format_version": "1.10.0",
	"geometry.crown": {
		"texturewidth": 64,
		"textureheight": 32,
		"visible_bounds_width": 3,
		"visible_bounds_height": 3,
		"visible_bounds_offset": [0, 1.5, 0],
		"bones": [
	  {
        "name": "root",
        "pivot": [ 0.0, 0.0, 0.0 ]
      },
      {
        "name": "body",
        "parent": "waist",
        "pivot": [ 0.0, 24.0, 0.0 ],
        "cubes": [
          {
            "origin": [ -4.0, 12.0, -2.0 ],
            "size": [ 8, 12, 4 ],
            "uv": [ 16, 16 ]
          }
        ]
      },

      {
        "name": "waist",
        "parent": "root",
        "pivot": [ 0.0, 12.0, 0.0 ]
      },

      {
        "name": "head",
        "parent": "body",
        "pivot": [ 0.0, 24.0, 0.0 ],
        "cubes": [
          {
            "origin": [ -4.0, 24.0, -4.0 ],
            "size": [ 8, 8, 8 ],
            "uv": [ 0, 0 ]
          }
        ]
      },
			{
				"name": "Crown",
				"parent": "head",
				"pivot": [0, 24, 0],
				"cubes": [
					{"origin": [1, 34, -4], "size": [1, 1, 1], "uv": [24, 2]},
					{"origin": [3, 34, 0], "size": [1, 1, 1], "uv": [24, 0]},
					{"origin": [-1, 34, 3], "size": [1, 1, 1], "uv": [24, 0], "mirror": true},
					{"origin": [0, 34, -4], "size": [1, 1, 1], "uv": [24, 0], "mirror": true},
					{"origin": [-1, 34, -4], "size": [1, 1, 1], "uv": [24, 0], "mirror": true},
					{"origin": [-2, 34, -4], "size": [1, 1, 1], "uv": [24, 2], "mirror": true},
					{"origin": [-3, 34, -3], "size": [1, 1, 1], "uv": [24, 2], "mirror": true},
					{"origin": [2, 34, -3], "size": [1, 1, 1], "uv": [24, 2]},
					{"origin": [3, 34, -2], "size": [1, 1, 1], "uv": [24, 2]},
					{"origin": [3, 34, -1], "size": [1, 1, 1], "uv": [24, 0]},
					{"origin": [3, 34, 1], "size": [1, 1, 1], "uv": [24, 2]},
					{"origin": [2, 34, 2], "size": [1, 1, 1], "uv": [24, 2]},
					{"origin": [0, 34, 3], "size": [1, 1, 1], "uv": [24, 0]},
					{"origin": [1, 34, 3], "size": [1, 1, 1], "uv": [24, 2]},
					{"origin": [-2, 34, 3], "size": [1, 1, 1], "uv": [24, 2], "mirror": true},
					{"origin": [-3, 34, 2], "size": [1, 1, 1], "uv": [24, 2], "mirror": true},
					{"origin": [-4, 34, 1], "size": [1, 1, 1], "uv": [24, 2], "mirror": true},
					{"origin": [-4, 34, 0], "size": [1, 1, 1], "uv": [24, 0], "mirror": true},
					{"origin": [-4, 34, -1], "size": [1, 1, 1], "uv": [24, 0], "mirror": true},
					{"origin": [-4, 34, -2], "size": [1, 1, 1], "uv": [24, 2], "mirror": true},
					{"origin": [-0.1, 25.6, -7], "size": [1, 1, 1], "uv": [48, 4], "inflate": -0.8, "mirror": true},
					{"origin": [0.5, 25.8, -7], "size": [1, 1, 1], "uv": [48, 4], "inflate": -0.8, "mirror": true},
					{"origin": [0.6, 26.2, -7], "size": [1, 1, 1], "uv": [48, 4], "inflate": -0.8, "mirror": true},
					{"origin": [3.2, 25.8, -7], "size": [1, 1, 1], "uv": [48, 4], "inflate": -0.8, "mirror": true},
					{"origin": [1.5, 27.4, -7], "size": [1, 1, 1], "uv": [48, 2], "inflate": -0.8, "mirror": true},
					{"origin": [0.6, 27.4, -7], "size": [1, 1, 1], "uv": [48, 0], "inflate": -0.8, "mirror": true},
					{"origin": [0.6, 28, -7], "size": [1, 1, 1], "uv": [52, 0], "inflate": -0.8, "mirror": true},
					{"origin": [-0.9, 25.6, -7], "size": [1, 1, 1], "uv": [48, 4], "inflate": -0.8, "mirror": true},
					{"origin": [-0.5, 26.2, -7], "size": [1, 1, 1], "uv": [48, 2], "inflate": -0.8, "mirror": true},
					{"origin": [-1.6, 26.8, -7], "size": [1, 1, 1], "uv": [48, 2], "inflate": -0.8, "mirror": true},
					{"origin": [-2.5, 27.4, -7], "size": [1, 1, 1], "uv": [48, 2], "inflate": -0.8},
					{"origin": [-1.5, 25.8, -7], "size": [1, 1, 1], "uv": [48, 4], "inflate": -0.8, "mirror": true},
					{"origin": [1.6, 25.8, -7], "size": [1, 1, 1], "uv": [48, 4], "inflate": -0.8, "mirror": true},
					{"origin": [-2.6, 25.8, -7], "size": [1, 1, 1], "uv": [48, 4], "inflate": -0.8},
					{"origin": [2.1, 29.6, -7], "size": [1, 1, 1], "uv": [52, 0], "inflate": -0.8, "mirror": true},
					{"origin": [2.1, 25.6, -7], "size": [1, 1, 1], "uv": [48, 4], "inflate": -0.8, "mirror": true},
					{"origin": [-3.1, 29.6, -7], "size": [1, 1, 1], "uv": [52, 0], "inflate": -0.8},
					{"origin": [-3.1, 25.6, -7], "size": [1, 1, 1], "uv": [48, 4], "inflate": -0.8},
					{"origin": [-0.3, 25.6, -7], "size": [1, 1, 1], "uv": [48, 4], "inflate": -0.8, "mirror": true},
					{"origin": [2.7, 29.6, -7], "size": [1, 1, 1], "uv": [52, 0], "inflate": -0.8, "mirror": true},
					{"origin": [2.7, 25.6, -7], "size": [1, 1, 1], "uv": [48, 4], "inflate": -0.8, "mirror": true},
					{"origin": [-3.7, 29.6, -7], "size": [1, 1, 1], "uv": [52, 0], "inflate": -0.8},
					{"origin": [-3.7, 25.6, -7], "size": [1, 1, 1], "uv": [48, 4], "inflate": -0.8},
					{"origin": [-4.2, 25.8, -7], "size": [1, 1, 1], "uv": [48, 4], "inflate": -0.8},
					{"origin": [-1.6, 26.2, -7], "size": [1, 1, 1], "uv": [48, 4], "inflate": -0.8, "mirror": true},
					{"origin": [1.5, 26.2, -7], "size": [1, 1, 1], "uv": [48, 4], "inflate": -0.8, "mirror": true},
					{"origin": [-2.5, 26.2, -7], "size": [1, 1, 1], "uv": [48, 4], "inflate": -0.8},
					{"origin": [3.3, 26.2, -7], "size": [1, 1, 1], "uv": [48, 4], "inflate": -0.8, "mirror": true},
					{"origin": [-4.3, 26.2, -7], "size": [1, 1, 1], "uv": [48, 4], "inflate": -0.8},
					{"origin": [0.6, 26.8, -7], "size": [1, 1, 1], "uv": [48, 2], "inflate": -0.8, "mirror": true},
					{"origin": [1.5, 26.8, -7], "size": [1, 1, 1], "uv": [48, 2], "inflate": -0.8, "mirror": true},
					{"origin": [-2.5, 26.8, -7], "size": [1, 1, 1], "uv": [48, 2], "inflate": -0.8},
					{"origin": [-0.5, 26.8, -7], "size": [1, 1, 1], "uv": [48, 0], "inflate": -0.8, "mirror": true},
					{"origin": [3.3, 26.8, -7], "size": [1, 1, 1], "uv": [48, 2], "inflate": -0.8, "mirror": true},
					{"origin": [-4.3, 26.8, -7], "size": [1, 1, 1], "uv": [48, 2], "inflate": -0.8},
					{"origin": [-1.6, 27.4, -7], "size": [1, 1, 1], "uv": [48, 0], "inflate": -0.8, "mirror": true},
					{"origin": [3.3, 27.4, -7], "size": [1, 1, 1], "uv": [48, 2], "inflate": -0.8, "mirror": true},
					{"origin": [-4.3, 27.4, -7], "size": [1, 1, 1], "uv": [48, 2], "inflate": -0.8},
					{"origin": [-1.6, 28, -7], "size": [1, 1, 1], "uv": [52, 0], "inflate": -0.8, "mirror": true},
					{"origin": [-4.2, 29.2, -7], "size": [1, 1, 1], "uv": [52, 0], "inflate": -0.8},
					{"origin": [3.2, 29.2, -7], "size": [1, 1, 1], "uv": [52, 0], "inflate": -0.8, "mirror": true},
					{"origin": [1.6, 29.2, -7], "size": [1, 1, 1], "uv": [52, 0], "inflate": -0.8, "mirror": true},
					{"origin": [1.5, 28.6, -7], "size": [1, 1, 1], "uv": [48, 0], "inflate": -0.8, "mirror": true},
					{"origin": [1.5, 28, -7], "size": [1, 1, 1], "uv": [48, 0], "inflate": -0.8, "mirror": true},
					{"origin": [-2.6, 29.2, -7], "size": [1, 1, 1], "uv": [52, 0], "inflate": -0.8},
					{"origin": [-2.5, 28.6, -7], "size": [1, 1, 1], "uv": [48, 0], "inflate": -0.8},
					{"origin": [-2.5, 28, -7], "size": [1, 1, 1], "uv": [48, 0], "inflate": -0.8},
					{"origin": [3.3, 28, -7], "size": [1, 1, 1], "uv": [48, 0], "inflate": -0.8, "mirror": true},
					{"origin": [-4.3, 28.6, -7], "size": [1, 1, 1], "uv": [48, 0], "inflate": -0.8},
					{"origin": [-4.3, 28, -7], "size": [1, 1, 1], "uv": [48, 0], "inflate": -0.8},
					{"origin": [3.3, 28.6, -7], "size": [1, 1, 1], "uv": [48, 0], "inflate": -0.8, "mirror": true},
					{"origin": [-4.3, 29.2, -7], "size": [1, 1, 1], "uv": [36, 0], "inflate": -0.8},
					{"origin": [-0.5, 26.8, -7], "size": [1, 1, 1], "uv": [32, 0], "inflate": -0.8, "mirror": true},
					{"origin": [-0.1, 25.6, -7], "size": [1, 1, 1], "uv": [32, 4], "inflate": -0.8, "mirror": true},
					{"origin": [0.5, 25.8, -7], "size": [1, 1, 1], "uv": [32, 4], "inflate": -0.8, "mirror": true},
					{"origin": [0.6, 26.2, -7], "size": [1, 1, 1], "uv": [32, 4], "inflate": -0.8, "mirror": true},
					{"origin": [-2.5, 27.4, -7], "size": [1, 1, 1], "uv": [32, 0], "inflate": -0.8},
					{"origin": [-1.6, 26.8, -7], "size": [1, 1, 1], "uv": [32, 2], "inflate": -0.8, "mirror": true},
					{"origin": [-0.9, 25.6, -7], "size": [1, 1, 1], "uv": [32, 4], "inflate": -0.8, "mirror": true},
					{"origin": [-0.5, 26.2, -7], "size": [1, 1, 1], "uv": [32, 2], "inflate": -0.8, "mirror": true},
					{"origin": [0.6, 28, -7], "size": [1, 1, 1], "uv": [36, 0], "inflate": -0.8, "mirror": true},
					{"origin": [0.6, 27.4, -7], "size": [1, 1, 1], "uv": [32, 0], "inflate": -0.8, "mirror": true},
					{"origin": [1.5, 27.4, -7], "size": [1, 1, 1], "uv": [32, 2], "inflate": -0.8, "mirror": true},
					{"origin": [3.2, 25.8, -7], "size": [1, 1, 1], "uv": [32, 4], "inflate": -0.8, "mirror": true},
					{"origin": [3.3, 28, -7], "size": [1, 1, 1], "uv": [32, 0], "inflate": -0.8, "mirror": true},
					{"origin": [3.3, 28.6, -7], "size": [1, 1, 1], "uv": [36, 0], "inflate": -0.8, "mirror": true},
					{"origin": [3.3, 29.2, -7], "size": [1, 1, 1], "uv": [36, 0], "inflate": -0.8, "mirror": true},
					{"origin": [-2.5, 28, -7], "size": [1, 1, 1], "uv": [32, 0], "inflate": -0.8},
					{"origin": [-2.5, 28.6, -7], "size": [1, 1, 1], "uv": [36, 0], "inflate": -0.8},
					{"origin": [-2.5, 29.2, -7], "size": [1, 1, 1], "uv": [36, 0], "inflate": -0.8},
					{"origin": [1.5, 28, -7], "size": [1, 1, 1], "uv": [32, 0], "inflate": -0.8, "mirror": true},
					{"origin": [1.5, 28.6, -7], "size": [1, 1, 1], "uv": [36, 0], "inflate": -0.8, "mirror": true},
					{"origin": [1.5, 29.2, -7], "size": [1, 1, 1], "uv": [36, 0], "inflate": -0.8, "mirror": true},
					{"origin": [-1.6, 28, -7], "size": [1, 1, 1], "uv": [36, 0], "inflate": -0.8, "mirror": true},
					{"origin": [-4.3, 27.4, -7], "size": [1, 1, 1], "uv": [32, 2], "inflate": -0.8},
					{"origin": [3.3, 27.4, -7], "size": [1, 1, 1], "uv": [32, 2], "inflate": -0.8, "mirror": true},
					{"origin": [-1.6, 27.4, -7], "size": [1, 1, 1], "uv": [32, 0], "inflate": -0.8, "mirror": true},
					{"origin": [-4.3, 26.8, -7], "size": [1, 1, 1], "uv": [32, 2], "inflate": -0.8},
					{"origin": [3.3, 26.8, -7], "size": [1, 1, 1], "uv": [32, 2], "inflate": -0.8, "mirror": true},
					{"origin": [-2.5, 26.8, -7], "size": [1, 1, 1], "uv": [32, 2], "inflate": -0.8},
					{"origin": [1.5, 26.8, -7], "size": [1, 1, 1], "uv": [32, 2], "inflate": -0.8, "mirror": true},
					{"origin": [0.6, 26.8, -7], "size": [1, 1, 1], "uv": [32, 2], "inflate": -0.8, "mirror": true},
					{"origin": [-4.3, 26.2, -7], "size": [1, 1, 1], "uv": [32, 4], "inflate": -0.8},
					{"origin": [3.3, 26.2, -7], "size": [1, 1, 1], "uv": [32, 4], "inflate": -0.8, "mirror": true},
					{"origin": [-2.5, 26.2, -7], "size": [1, 1, 1], "uv": [32, 4], "inflate": -0.8},
					{"origin": [1.5, 26.2, -7], "size": [1, 1, 1], "uv": [32, 4], "inflate": -0.8, "mirror": true},
					{"origin": [-1.6, 26.2, -7], "size": [1, 1, 1], "uv": [32, 4], "inflate": -0.8, "mirror": true},
					{"origin": [-4.2, 25.8, -7], "size": [1, 1, 1], "uv": [32, 4], "inflate": -0.8},
					{"origin": [-4.3, 28, -7], "size": [1, 1, 1], "uv": [32, 0], "inflate": -0.8},
					{"origin": [-4.3, 28.6, -7], "size": [1, 1, 1], "uv": [36, 0], "inflate": -0.8},
					{"origin": [-3.7, 25.6, -7], "size": [1, 1, 1], "uv": [32, 4], "inflate": -0.8},
					{"origin": [2.7, 25.6, -7], "size": [1, 1, 1], "uv": [32, 4], "inflate": -0.8, "mirror": true},
					{"origin": [-0.3, 25.6, -7], "size": [1, 1, 1], "uv": [32, 4], "inflate": -0.8, "mirror": true},
					{"origin": [-3.1, 25.6, -7], "size": [1, 1, 1], "uv": [32, 4], "inflate": -0.8},
					{"origin": [2.1, 25.6, -7], "size": [1, 1, 1], "uv": [32, 4], "inflate": -0.8, "mirror": true},
					{"origin": [-2.6, 25.8, -7], "size": [1, 1, 1], "uv": [32, 4], "inflate": -0.8},
					{"origin": [1.6, 25.8, -7], "size": [1, 1, 1], "uv": [32, 4], "inflate": -0.8, "mirror": true},
					{"origin": [-1.5, 25.8, -7], "size": [1, 1, 1], "uv": [32, 4], "inflate": -0.8, "mirror": true},
					{"origin": [-4.3, 29.2, -7], "size": [1, 1, 1], "uv": [44, 0], "inflate": -0.8},
					{"origin": [-0.1, 25.6, -7], "size": [1, 1, 1], "uv": [40, 4], "inflate": -0.8, "mirror": true},
					{"origin": [0.5, 25.8, -7], "size": [1, 1, 1], "uv": [40, 4], "inflate": -0.8, "mirror": true},
					{"origin": [0.6, 26.2, -7], "size": [1, 1, 1], "uv": [40, 4], "inflate": -0.8, "mirror": true},
					{"origin": [-0.9, 25.6, -7], "size": [1, 1, 1], "uv": [40, 4], "inflate": -0.8, "mirror": true},
					{"origin": [-2.5, 27.4, -7], "size": [1, 1, 1], "uv": [40, 2], "inflate": -0.8},
					{"origin": [1.5, 27.4, -7], "size": [1, 1, 1], "uv": [40, 2], "inflate": -0.8, "mirror": true},
					{"origin": [3.3, 25.6, -7], "size": [1, 1, 1], "uv": [40, 2], "inflate": -0.8, "mirror": true},
					{"origin": [0.6, 27.4, -7], "size": [1, 1, 1], "uv": [40, 2], "inflate": -0.8, "mirror": true},
					{"origin": [-0.5, 26.8, -7], "size": [1, 1, 1], "uv": [40, 2], "inflate": -0.8, "mirror": true},
					{"origin": [-2.5, 27.4, -7], "size": [1, 1, 1], "uv": [40, 2], "inflate": -0.8},
					{"origin": [1.5, 27.4, -7], "size": [1, 1, 1], "uv": [40, 2], "inflate": -0.8, "mirror": true},
					{"origin": [-1.6, 26.8, -7], "size": [1, 1, 1], "uv": [40, 2], "inflate": -0.8, "mirror": true},
					{"origin": [0.6, 28, -7], "size": [1, 1, 1], "uv": [44, 0], "inflate": -0.8, "mirror": true},
					{"origin": [-4.3, 25.6, -7], "size": [1, 1, 1], "uv": [40, 2], "inflate": -0.8},
					{"origin": [-3.7, 26.2, -7], "size": [1, 1, 1], "uv": [40, 2], "inflate": -0.8},
					{"origin": [-3.1, 26.8, -7], "size": [1, 1, 1], "uv": [40, 2], "inflate": -0.8},
					{"origin": [-3.7, 28.6, -7], "size": [1, 1, 1], "uv": [44, 0], "inflate": -0.8},
					{"origin": [-3.1, 28, -7], "size": [1, 1, 1], "uv": [40, 0], "inflate": -0.8},
					{"origin": [-1.6, 28, -7], "size": [1, 1, 1], "uv": [44, 0], "inflate": -0.8, "mirror": true},
					{"origin": [-1.6, 27.4, -7], "size": [1, 1, 1], "uv": [40, 2], "inflate": -0.8, "mirror": true},
					{"origin": [-1.6, 26.2, -7], "size": [1, 1, 1], "uv": [40, 4], "inflate": -0.8, "mirror": true},
					{"origin": [-1.5, 25.8, -7], "size": [1, 1, 1], "uv": [40, 4], "inflate": -0.8, "mirror": true},
					{"origin": [-0.3, 25.6, -7], "size": [1, 1, 1], "uv": [40, 4], "inflate": -0.8, "mirror": true},
					{"origin": [-0.5, 26.2, -7], "size": [1, 1, 1], "uv": [40, 2], "inflate": -0.8, "mirror": true},
					{"origin": [0.6, 26.8, -7], "size": [1, 1, 1], "uv": [40, 2], "inflate": -0.8, "mirror": true},
					{"origin": [2.7, 26.2, -7], "size": [1, 1, 1], "uv": [40, 2], "inflate": -0.8, "mirror": true},
					{"origin": [2.1, 26.8, -7], "size": [1, 1, 1], "uv": [40, 2], "inflate": -0.8, "mirror": true},
					{"origin": [2.1, 28, -7], "size": [1, 1, 1], "uv": [40, 0], "inflate": -0.8, "mirror": true},
					{"origin": [2.7, 28.6, -7], "size": [1, 1, 1], "uv": [44, 0], "inflate": -0.8, "mirror": true},
					{"origin": [3.3, 29.2, -7], "size": [1, 1, 1], "uv": [44, 0], "inflate": -0.8, "mirror": true},
					{"origin": [-1, 33, -4], "size": [1, 1, 1], "uv": [56, 4], "mirror": true},
					{"origin": [0, 33, -4], "size": [1, 1, 1], "uv": [56, 4]},
					{"origin": [-2, 35, -4], "size": [1, 1, 1], "uv": [56, 0], "mirror": true},
					{"origin": [1, 35, -4], "size": [1, 1, 1], "uv": [56, 0]},
					{"origin": [-2, 34, -4], "size": [1, 1, 1], "uv": [56, 4], "mirror": true},
					{"origin": [-2, 33, -4], "size": [1, 1, 1], "uv": [56, 2], "mirror": true},
					{"origin": [1, 33, -4], "size": [1, 1, 1], "uv": [56, 2]},
					{"origin": [-3, 33, -3], "size": [1, 1, 1], "uv": [56, 2], "mirror": true},
					{"origin": [2, 33, -3], "size": [1, 1, 1], "uv": [56, 2]},
					{"origin": [-3, 34, -3], "size": [1, 1, 1], "uv": [56, 4], "mirror": true},
					{"origin": [2, 34, -3], "size": [1, 1, 1], "uv": [56, 4]},
					{"origin": [-3, 33, -3], "size": [1, 1, 1], "uv": [56, 4], "mirror": true},
					{"origin": [-4, 33, -2], "size": [1, 1, 1], "uv": [56, 2], "mirror": true},
					{"origin": [3, 33, -2], "size": [1, 1, 1], "uv": [56, 2]},
					{"origin": [-4, 35, -2], "size": [1, 1, 1], "uv": [56, 0], "mirror": true},
					{"origin": [3, 35, -2], "size": [1, 1, 1], "uv": [56, 0]},
					{"origin": [-4, 34, -2], "size": [1, 1, 1], "uv": [56, 4], "mirror": true},
					{"origin": [3, 34, -2], "size": [1, 1, 1], "uv": [56, 4]},
					{"origin": [-4, 33, -2], "size": [1, 1, 1], "uv": [56, 2], "mirror": true},
					{"origin": [3, 33, -2], "size": [1, 1, 1], "uv": [56, 2]},
					{"origin": [-4, 33, -1], "size": [1, 1, 1], "uv": [56, 4], "mirror": true},
					{"origin": [3, 33, -1], "size": [1, 1, 1], "uv": [56, 4]},
					{"origin": [-4, 34, -1], "size": [1, 1, 1], "uv": [60, 0], "mirror": true},
					{"origin": [3, 34, -1], "size": [1, 1, 1], "uv": [60, 0]},
					{"origin": [-1, 33, 3], "size": [1, 1, 1], "uv": [56, 4], "mirror": true},
					{"origin": [0, 33, 3], "size": [1, 1, 1], "uv": [56, 4]},
					{"origin": [-2, 35, 3], "size": [1, 1, 1], "uv": [56, 0], "mirror": true},
					{"origin": [1, 35, 3], "size": [1, 1, 1], "uv": [56, 0]},
					{"origin": [0, 34, 3], "size": [1, 1, 1], "uv": [60, 0]},
					{"origin": [-2, 33, 3], "size": [1, 1, 1], "uv": [56, 2], "mirror": true},
					{"origin": [1, 33, 3], "size": [1, 1, 1], "uv": [56, 2]},
					{"origin": [-2, 34, 3], "size": [1, 1, 1], "uv": [56, 4], "mirror": true},
					{"origin": [1, 34, 3], "size": [1, 1, 1], "uv": [56, 4]},
					{"origin": [-2, 33, 3], "size": [1, 1, 1], "uv": [56, 2], "mirror": true},
					{"origin": [1, 33, 3], "size": [1, 1, 1], "uv": [56, 2]},
					{"origin": [-3, 33, 2], "size": [1, 1, 1], "uv": [56, 2], "mirror": true},
					{"origin": [2, 33, 2], "size": [1, 1, 1], "uv": [56, 2]},
					{"origin": [-3, 34, 2], "size": [1, 1, 1], "uv": [56, 4], "mirror": true},
					{"origin": [2, 34, 2], "size": [1, 1, 1], "uv": [56, 4]},
					{"origin": [-3, 33, 2], "size": [1, 1, 1], "uv": [56, 4], "mirror": true},
					{"origin": [-4, 33, 1], "size": [1, 1, 1], "uv": [56, 2], "mirror": true},
					{"origin": [3, 33, 1], "size": [1, 1, 1], "uv": [56, 2]},
					{"origin": [-4, 34, 1], "size": [1, 1, 1], "uv": [56, 4], "mirror": true},
					{"origin": [3, 34, 1], "size": [1, 1, 1], "uv": [56, 4]},
					{"origin": [-4, 33, 1], "size": [1, 1, 1], "uv": [56, 2], "mirror": true},
					{"origin": [3, 33, 1], "size": [1, 1, 1], "uv": [56, 2]},
					{"origin": [-4, 33, 0], "size": [1, 1, 1], "uv": [56, 4], "mirror": true},
					{"origin": [-1, 34, 3], "size": [1, 1, 1], "uv": [60, 0], "mirror": true},
					{"origin": [1, 34, -4], "size": [1, 1, 1], "uv": [56, 4]},
					{"origin": [3, 34, 0], "size": [1, 1, 1], "uv": [60, 0]},
					{"origin": [3, 33, 0], "size": [1, 1, 1], "uv": [56, 4]},
					{"origin": [-4, 35, 1], "size": [1, 1, 1], "uv": [56, 0], "mirror": true},
					{"origin": [3, 35, 1], "size": [1, 1, 1], "uv": [56, 0]},
					{"origin": [-4, 34, 0], "size": [1, 1, 1], "uv": [60, 0], "mirror": true},
					{"origin": [-4, 33, 0], "size": [1, 1, 1], "uv": [56, 4], "mirror": true},
					{"origin": [-1, 34, -4], "size": [1, 1, 1], "uv": [60, 0], "mirror": true},
					{"origin": [0, 34, -4], "size": [1, 1, 1], "uv": [60, 0]}
				]
			}
		]
	}
}