{
	"format_version": "1.8.0",
	"animations": {
		"animation.player.crown": {
			"loop": true,
			"animation_length": 6.24,
			"bones": {
				"Crown": {
					"rotation": {
						"0.0": [0, 0, 0],
						"0.52": [0, 30, 0],
						"1.04": [0, 60, 0],
						"1.56": [0, 90, 0],
						"2.08": [0, 120, 0],
						"2.6": [0, 150, 0],
						"3.12": [0, 180, 0],
						"3.64": [0, 210, 0],
						"4.16": [0, 240, 0],
						"4.68": [0, 270, 0],
						"5.2": [0, 300, 0],
						"5.72": [0, 330, 0],
						"6.24": [0, 360, 0]
					},
					"position": {
						"0.0": [0, 0, 0],
						"0.52": [0, 1, 0],
						"1.04": [0, 0, 0],
						"1.56": [0, 1, 0],
						"2.08": [0, 0, 0],
						"2.6": [0, 1, 0],
						"3.12": [0, 0, 0],
						"3.64": [0, 1, 0],
						"4.16": [0, 0, 0],
						"4.68": [0, 1, 0],
						"5.2": [0, 0, 0],
						"5.72": [0, 1, 0],
						"6.24": [0, 0, 0]
					}
				}
			}
		}
	}
}